{
  "hash": "a6a17fe9",
  "configHash": "68bc3733",
  "lockfileHash": "2b2b25e1",
  "browserHash": "7e67caf1",
  "optimized": {
    "@angular/core": {
      "src": "../../../../../node_modules/@angular/core/fesm2022/core.mjs",
      "file": "@angular_core.js",
      "fileHash": "137ecf74",
      "needsInterop": false
    },
    "@angular/platform-browser": {
      "src": "../../../../../node_modules/@angular/platform-browser/fesm2022/platform-browser.mjs",
      "file": "@angular_platform-browser.js",
      "fileHash": "de1b4dd8",
      "needsInterop": false
    },
    "@angular/router": {
      "src": "../../../../../node_modules/@angular/router/fesm2022/router.mjs",
      "file": "@angular_router.js",
      "fileHash": "32a16911",
      "needsInterop": false
    },
    "tslib": {
      "src": "../../../../../node_modules/tslib/tslib.es6.mjs",
      "file": "tslib.js",
      "fileHash": "346a394b",
      "needsInterop": false
    },
    "@angular/forms": {
      "src": "../../../../../node_modules/@angular/forms/fesm2022/forms.mjs",
      "file": "@angular_forms.js",
      "fileHash": "abb2eba0",
      "needsInterop": false
    },
    "@angular/common": {
      "src": "../../../../../node_modules/@angular/common/fesm2022/common.mjs",
      "file": "@angular_common.js",
      "fileHash": "0962a9ed",
      "needsInterop": false
    },
    "xlsx": {
      "src": "../../../../../node_modules/xlsx/xlsx.mjs",
      "file": "xlsx.js",
      "fileHash": "5e5ed459",
      "needsInterop": false
    },
    "file-saver": {
      "src": "../../../../../node_modules/file-saver/dist/FileSaver.min.js",
      "file": "file-saver.js",
      "fileHash": "88a10a2d",
      "needsInterop": true
    }
  },
  "chunks": {
    "chunk-FFJSOZO5": {
      "file": "chunk-FFJSOZO5.js"
    },
    "chunk-CP7PFDIW": {
      "file": "chunk-CP7PFDIW.js"
    },
    "chunk-ZP2UZ4KK": {
      "file": "chunk-ZP2UZ4KK.js"
    },
    "chunk-YTN62GH5": {
      "file": "chunk-YTN62GH5.js"
    },
    "chunk-3OV72XIM": {
      "file": "chunk-3OV72XIM.js"
    }
  }
}